{
    "accuracy": 0.959593949044586,
    "loss": 0.13579408890882116
}